{
  "start": {
    "center": [
      -1.8499999999999999,
      -0.65
    ],
    "halfwidth": [
      0.05,
      0.05
    ]
  },
  "exit": {
    "center": [
      -0.44999999999999996,
      0.15
    ],
    "halfwidth": [
      0.6,
      0.1
    ]
  },
  "slot1": {
    "center": [
      -0.45,
      0.15
    ],
    "halfwidth": [
      0.2,
      0.1
    ]
  },
  "state_space": {
    "center": [
      0.9500000000000001,
      0.95
    ],
    "halfwidth": [
      3.0999999999999996,
      2.0
    ]
  }
}